{
  "dns_records": [
    {
      "Domain": "nivas-ws22-test.example.com",
      "A Records": "96.17.150.161, 96.17.150.162",
      "CNAME Records": "prawsus.example.com.",
      "TXT Records": ""
    },
    {
      "Domain": "ada-ws2g-test.example.com",
      "A Records": "96.17.150.162, 96.17.150.161",
      "CNAME Records": "prawsus-gold.example.com.",
      "TXT Records": ""
    }
  ],
  "ip_address": ["52.207.191.220", "52.58.170.126"],
  "waf_not_akamai_domains": [
    {
      "Domain": "ada-ws22-test.example.com",
      "WAF": "Kona SiteDefender"
    },
    {
      "Domain": "ada-ws2g-test.example.com",
      "WAF": "Kona SiteDefender"
    }
  ],
  "ssl_out": ["Version: 2.1.4-6-ga1b0292-static", "OpenSSL 3.0.15 3 Sep 2024"],
  "inactive_subdomains": [
    "911-dev31.example.com",
    "911-dev31node1.example.com"
  ],
  "httpx_output_live_with_status_code": [
    "https://ada-ws22-test.example.com [400]",
    "https://ada-ws2g-test.example.com [400]"
  ],
  "cdncheck_sanitize": [
    "ada-ws22-test.example.com [akamai]",
    "ada-ws2g-test.example.com [akamai]"
  ],
  "domain_status": [
    {
      "Domain": "ada-ws22-test.example.com",
      "Status Code": "400",
      "IP Address": "['23.196.14.32', '23.196.14.42']",
      "CDN": "[akamai]",
      "SSLv2": "disabled",
      "SSLv3": "disabled",
      "TLSv1.0": "disabled",
      "TLSv1.1": "disabled",
      "TLSv1.2": "enabled",
      "TLSv1.3": "disabled",
      "Crt Issue Date": "2024-09-17 00:00:00+00:00",
      "Crt Expiration Date": "2025-09-18 23:59:59+00:00",
      "Valid Status": "Valid",
      "WAF": "Kona SiteDefender"
    },
    {
      "Domain": "ada-ws2g-test.example.com",
      "Status Code": "400",
      "IP Address": "['23.212.0.203', '23.212.0.214']",
      "CDN": "[akamai]",
      "SSLv2": "disabled",
      "SSLv3": "disabled",
      "TLSv1.0": "disabled",
      "TLSv1.1": "disabled",
      "TLSv1.2": "enabled",
      "TLSv1.3": "disabled",
      "Crt Issue Date": "2024-09-17 00:00:00+00:00",
      "Crt Expiration Date": "2025-09-18 23:59:59+00:00",
      "Valid Status": "Valid",
      "WAF": "Kona SiteDefender"
    }
  ],
  "active_subdomains": [
    "ada-ws22-test.example.com",
    "ada-ws2g-test.example.com"
  ],
  "misconfigured_cors": [
    {
      "Domain": "events.example.com",
      "Vulnerable Origin": "https://fake.com"
    }
  ],
  "ssl_final": [
    "ada-ws22-test.example.com disabled disabled disabled disabled enabled disabled",
    "ada-ws2g-test.example.com disabled disabled disabled disabled enabled disabled"
  ],
  "ssl_out_sanitize": [
    "Version: 2.1.4-6-ga1b0292-static",
    "OpenSSL 3.0.15 3 Sep 2024"
  ],
  "cdncheck_output": [
    "ada-ws22-test.example.com [waf] [akamai]",
    "ada-ws2g-test.example.com [waf] [akamai]"
  ],
  "outdated_tlsv_domains": [
    {
      "Domain": "baml-akainternal.example.com",
      "TLSv1.0": "disabled",
      "TLSv1.1": "enabled"
    },
    {
      "Domain": "cfotech-ap1.example.com",
      "TLSv1.0": "enabled",
      "TLSv1.1": "enabled"
    }
  ],
  "dnsx_ip_address": [
    "360sb.example.com [A] [52.207.191.220]",
    "accounts5.example.com [A] [52.58.170.126]"
  ]
}


